msisdn,daily_calls,avg_call_duration,daily_data_gb,unique_destinations,is_fraud,report_date
628170000032,6,85.71010396956397,0.43130156160185307,6,0,2021-02-09
628170000360,3,76.35340717904194,3.414692892409175,3,0,2019-09-26
628170000709,13,32.63812880317959,0.3236788529616803,3,0,2020-10-07
628170000230,11,144.51528125164424,1.813545825754663,6,0,2021-03-16
628180000045,744,11.213013883577455,388.68723233232623,89,1,2018-11-05
628170000511,1,156.19840803746484,2.5392812893680223,1,0,2020-10-31
628170000428,8,265.6953756866302,4.54064744455308,6,0,2017-07-12
628170000397,13,282.9440296176847,4.17531551401129,2,0,2018-01-11
628180000024,629,12.823990940170372,273.066687604351,269,1,2018-11-02
628170000381,8,133.4474026273643,4.672255323583433,4,0,2019-09-03
628170000050,3,196.9287883131799,0.9589844175525323,4,0,2019-11-28
628170000198,13,64.42193882963525,4.471214975807149,6,0,2017-12-29
628170000396,6,209.191214647915,0.21853964306764073,2,0,2020-02-17
628170000584,12,265.3977524912126,2.3067197966365223,4,0,2022-07-15
628170000992,9,210.23847280869703,1.2386831829746345,1,0,2019-04-17
628170000420,13,127.46295217380724,3.7817379215423244,3,0,2021-03-01
628170000440,1,220.50529657923587,2.708861343148564,5,0,2019-05-25
628170000656,3,271.4067849933663,3.741646673784857,6,0,2017-07-30
628170000280,8,85.38770293014193,4.602740014833817,2,0,2021-12-06
628170000373,9,273.00503329898834,0.8225173808607914,3,0,2022-02-26
628170000555,6,100.13352161528807,2.1946994708110146,1,0,2022-06-24
628180000021,648,6.164611639831719,59.963663962683256,234,1,2022-06-21
628170000711,3,169.78214371387207,1.4563901081773984,3,0,2020-07-24
628170000101,12,295.24222656532373,1.5929277815804,1,0,2021-05-05
628170000577,5,255.99359865819144,0.9514318063651447,6,0,2019-08-17
628170000094,10,80.37309649385256,0.6701953496388329,2,0,2018-09-17
628170000794,3,78.51443939496534,1.7815200305460255,4,0,2018-04-24
628170000509,12,267.36194304178446,4.555179008721645,2,0,2019-09-16
628170000023,12,76.52636522444006,0.48915490804603445,4,0,2022-04-26
628170000667,4,239.68115025377026,0.2698843069597683,7,0,2019-10-23
628170000678,1,61.673211019846505,3.3790812883965846,1,0,2020-04-11
628170000431,14,207.8715090118937,3.8210514858480225,5,0,2021-04-15
628170000829,11,228.82854406772293,1.6249657258106287,4,0,2021-04-28
628170000294,11,262.68211767364966,0.7454709899273534,3,0,2019-01-05
628170000781,6,265.82427428204835,0.6907362403780822,3,0,2018-04-29
628170000761,2,205.58793531367297,1.9808105269203997,4,0,2018-08-25
628170000624,1,232.40599457058968,2.7785762789201636,7,0,2020-12-21
628170000530,12,298.6251121145375,3.986980617147447,5,0,2022-04-09
628170000253,3,123.67736451198148,4.845595010212481,4,0,2020-12-12
628170000748,9,265.38156297989445,3.0787355490444486,6,0,2021-10-05
628170000319,9,137.2395529969828,1.0997746096816043,6,0,2018-01-01
628170000212,7,187.51578458685253,3.2196814426193163,5,0,2018-10-11
628170000164,1,148.56642531395897,1.9020208192987194,7,0,2019-07-24
628170000273,12,299.15604799840577,1.067605400313693,2,0,2018-06-28
628170000991,4,144.40932848516596,1.5469234208349223,6,0,2021-01-27
628170000274,10,165.5926527894355,4.445932011025421,4,0,2021-10-24
628180000043,137,13.120544152359031,379.0924338664833,255,1,2018-06-01
628170000862,8,113.14108422962154,1.9890083332109196,4,0,2017-12-09
628170000422,5,277.67466537480556,4.787411643308944,1,0,2020-09-26
628170000147,1,78.93292786472824,0.6947862031699016,4,0,2021-08-06
628170000754,6,207.85109938523655,3.218366713898695,7,0,2021-12-11
628170000250,14,175.09681279323917,3.255130842351541,4,0,2021-03-07
628170000284,8,182.50710598090643,4.225792909161301,7,0,2017-07-12
628170000448,8,279.5869727516632,4.69043006396215,3,0,2021-06-17
628170000481,4,124.69219017196174,3.378209452912631,2,0,2020-07-01
628170000994,1,198.44201766267471,4.037065442154735,3,0,2019-02-08
628170000483,8,138.52134667449536,2.117651153764092,4,0,2022-08-25
628170000759,10,299.01015733532034,3.4642905761137737,3,0,2018-01-17
628170000596,10,196.57026796145038,3.4630032637618777,3,0,2018-12-04
628170000256,1,90.64330219379514,4.901854613858368,4,0,2022-08-31
628170000408,1,58.781528346118385,2.3451157450156743,3,0,2018-11-17
628170000724,9,201.8361673767819,0.6293261952403878,1,0,2022-04-27
628170000312,7,206.24144912000617,0.14572493715275717,4,0,2022-03-08
628170000297,3,103.10106174875952,1.1462056949222925,7,0,2019-08-27
628170000512,8,195.62107508689107,0.6168211297874899,5,0,2020-05-28
628170000008,10,163.0068853780748,3.0129340424122484,5,0,2017-08-29
628170000091,10,71.27196757976964,4.271982292950969,3,0,2019-01-29
628170000056,7,222.60438818882915,3.805200311586706,2,0,2018-05-17
628170000652,10,137.35048744995447,1.576199777724002,1,0,2021-06-28
628170000279,11,272.4746581489927,4.247920259582362,4,0,2022-01-15
628170000760,9,293.19415377963145,0.6609894265229351,2,0,2022-02-24
628170000356,6,67.62613999966251,2.9419205583978436,6,0,2021-06-01
628170000116,9,117.3933938291458,0.9567092735760215,7,0,2020-01-09
628170000703,13,296.3989001821295,2.5807036915264936,7,0,2021-05-10
628170000981,12,87.2521067752212,4.780064515729337,6,0,2022-02-19
628170000808,3,291.7413270305276,4.591512655621916,5,0,2019-01-20
628170000869,9,149.8125592122342,4.184884813494169,6,0,2020-07-06
628170000033,13,128.35286248298036,4.021746888329572,6,0,2020-10-30
628170000521,13,77.66256864148724,3.984986653265813,3,0,2021-01-29
628170000552,1,53.486425176080736,3.2098892389443137,7,0,2018-12-09
628170000412,3,215.86864703548872,3.6669026041714496,7,0,2018-12-06
628170000156,6,74.35176544136809,1.6006427418543974,1,0,2019-03-05
628170000831,5,158.15033645244975,3.068318322318183,1,0,2020-09-22
628170000153,3,244.72217420217035,4.983814583879586,3,0,2021-03-25
628170000878,13,264.6043458092539,2.8327732486252155,1,0,2017-11-02
628170000613,2,48.31600595839642,3.853717405022983,2,0,2019-11-18
628170000949,8,57.383623681288455,1.8577060745433662,1,0,2018-04-06
628170000788,11,198.20097756214034,1.5456994675053657,5,0,2020-01-03
628170000130,1,47.11124202764729,2.25360727430126,7,0,2019-03-14
628170000402,11,190.6710412890688,1.3705541184422916,5,0,2019-10-24
628170000173,10,176.75927250077692,1.373084722850668,4,0,2022-09-05
628170000300,11,36.85431602829311,3.690727569354628,2,0,2022-02-06
628170000544,14,101.71201149895063,0.5089740164479781,7,0,2022-04-17
628170000054,5,39.90446478046143,0.5737146032689262,7,0,2019-05-05
628170000884,13,88.23229114738363,2.495599375783012,5,0,2020-08-25
628170000950,2,161.18537498030793,4.041742317629574,2,0,2018-05-10
628170000737,7,271.6004971363425,4.383690370957361,4,0,2018-05-28
628170000020,5,272.1328706746232,3.649260203930832,4,0,2020-09-16
628170000773,6,130.18046600584273,1.8734079551055385,6,0,2021-07-17
628170000290,11,138.20602643633802,4.92488172367009,4,0,2017-08-05
628170000717,4,65.83325359162629,1.4753477560282742,5,0,2022-03-05
628170000045,3,232.03011640358775,3.6801875001723063,2,0,2021-06-13
628170000559,5,89.44946452644906,2.6842581484011143,7,0,2020-05-11
628170000501,10,145.49874610868284,4.365834282725434,3,0,2018-01-22
628170000872,6,217.0090071010644,1.3707409968537632,7,0,2019-03-31
628170000956,2,114.05307877212098,3.4164243644012386,5,0,2019-10-26
628170000775,1,40.82948168137027,0.14964280173594258,5,0,2021-04-10
628170000465,7,115.1283912142648,1.3297366405674604,5,0,2018-09-13
628170000346,8,264.4863534924365,3.508528917834354,6,0,2019-06-29
628170000587,5,64.7948642178302,3.142549980644313,5,0,2020-07-24
628170000262,2,277.00839328838697,0.7276691571943802,7,0,2020-01-27
628170000600,2,201.18153983689507,1.2131798294152232,4,0,2017-12-11
628170000777,9,186.24236031454623,4.57510604312356,4,0,2017-11-25
628170000763,10,213.66162545644866,1.9083598066284915,1,0,2021-10-01
628170000380,4,143.06804172085975,4.991902805825453,3,0,2018-04-20
628170000810,12,207.3188994261489,1.6624474097735804,7,0,2018-01-11
628170000943,13,272.4682482164965,2.4365329947573042,2,0,2019-04-24
628170000923,1,155.14339182615453,4.341328013560306,1,0,2018-10-23
628170000535,8,71.55189471176087,4.919255216304588,2,0,2017-10-31
628170000697,1,262.2330472410853,1.9841055054595818,5,0,2021-05-24
628170000815,9,152.5231761735826,3.473184590611471,6,0,2019-05-30
628170000936,1,249.50614945334524,0.4060422087334501,7,0,2020-02-20
628170000629,12,117.37475917037614,0.30592090833988594,5,0,2021-07-15
628170000079,2,231.26865802976909,1.8646683966104438,2,0,2019-04-22
628170000152,5,67.73854168909816,2.59616842793397,6,0,2020-08-01
628170000665,13,80.09188923984271,1.2735998325567368,7,0,2022-05-14
628170000329,4,187.42122146181688,0.2730256392071715,1,0,2021-07-25
628170000321,7,85.34575976227165,3.692049350545407,4,0,2022-05-02
628170000705,3,164.69980143186615,0.4475678590554898,4,0,2022-04-07
628170000224,13,218.0957224467609,0.4491579660497672,7,0,2019-06-10
628170000311,8,78.20705875467007,2.3616316246569706,7,0,2018-07-31
628170000325,7,53.087303330706376,3.940579743978447,1,0,2019-12-29
628170000218,1,166.58994329880582,2.6098874119821054,2,0,2021-03-22
628170000011,11,94.83931707011213,0.7685547875279923,1,0,2020-03-31
628170000123,8,186.93431978410533,0.7623148168586316,3,0,2021-12-09
628170000879,12,184.064631592484,1.8016574912494872,3,0,2020-09-08
628170000508,11,142.74680946193064,2.373263746380431,6,0,2018-05-13
628170000340,9,179.05273883003466,2.298192091677259,3,0,2022-03-31
628170000006,5,153.96665418433054,1.2365407709682796,5,0,2021-10-29
628170000315,1,95.6564915698526,4.959868761611881,1,0,2022-06-28
628170000078,4,188.44710186563736,1.3892515925631301,3,0,2021-09-28
628170000909,6,31.554838334492825,0.8291002500850666,7,0,2021-10-27
628170000955,10,175.5735447023187,4.989322192841693,1,0,2021-05-25
628170000129,3,66.29196277352304,2.5800951279171964,6,0,2019-05-12
628170000215,7,285.76650169519013,2.6401993075315002,4,0,2021-02-23
628170000920,7,192.93112021297205,2.605249764783681,2,0,2018-11-07
628170000995,8,151.97727325905186,4.653217462796084,6,0,2019-01-07
628170000722,3,75.22029720994882,1.1734371645991033,3,0,2019-03-02
628170000835,4,264.43324573857984,2.324607943860963,7,0,2022-06-01
628170000242,9,189.6443676511309,1.5476794096393596,1,0,2017-10-17
628170000393,14,110.22286321825726,1.8749536640962132,7,0,2022-06-23
628170000946,14,46.27219537818143,3.4934089145318294,1,0,2018-07-07
628170000324,3,33.51051934789873,1.8413843865601234,7,0,2019-11-02
628170000710,9,118.14455322587781,0.7861180780112567,4,0,2019-03-08
628170000015,4,71.01372724831947,3.616229051725064,7,0,2019-08-07
628170000823,13,97.15285359866007,0.2246940235381793,4,0,2018-01-22
628180000012,669,8.240901743671497,389.23928322661624,195,1,2019-10-25
628170000542,10,54.70144609739381,2.25758475000491,1,0,2017-08-12
628170000120,9,61.005942679584955,1.9009186692285043,5,0,2019-11-12
628170000594,7,31.724185363545068,3.413270054169627,5,0,2020-12-20
628170000409,5,50.28720106866837,2.466547473218241,5,0,2021-01-31
628170000738,14,177.84994156150879,2.518378243666582,3,0,2021-04-09
628170000532,14,136.98534510371786,4.30017835929389,6,0,2019-08-24
628170000134,1,98.75297678621624,3.135980978999365,7,0,2018-10-19
628170000997,14,75.36383609111311,4.539943910449235,6,0,2017-09-21
628170000084,6,204.39765515953232,2.045209433663989,7,0,2020-08-07
628170000933,10,174.07268761625718,2.251834101505367,7,0,2018-01-06
628170000171,9,272.88513478413347,2.458586343013086,4,0,2019-09-08
628170000451,2,158.03783849751522,1.3747731757140509,3,0,2020-01-22
628170000647,1,70.78563078084306,2.7494225355600608,1,0,2018-03-08
628170000351,4,36.066713246431696,0.5556541351333476,6,0,2022-04-13
628170000358,4,295.7885887899591,2.847234462639238,7,0,2018-04-17
628170000417,12,217.56804713069522,0.8786500215798325,7,0,2022-01-24
628170000598,5,200.58965229450047,0.956919042162201,6,0,2020-11-06
628170000168,14,231.8545326475878,3.8695939788425653,4,0,2022-06-25
628170000603,10,58.884772483278766,3.2501213592876677,6,0,2018-05-22
628170000702,6,95.35215428288241,3.7436101892651434,2,0,2021-09-12
628170000247,10,31.25064621124277,0.6947934489810915,4,0,2021-06-02
628170000304,3,37.31591797594054,1.557987411462221,5,0,2021-12-17
628170000854,8,202.5623832101851,1.638436915149029,6,0,2022-06-18
628170000707,4,219.66554204690806,1.8730801567051798,1,0,2019-10-15
628170000599,4,100.14696688732315,4.293112568638353,7,0,2018-11-20
628170000579,14,213.63800837528112,4.147293242269601,6,0,2019-07-01
628170000889,9,207.61823224281972,2.889949069793186,1,0,2021-12-11
628170000361,14,103.52297816022961,4.044446098435772,6,0,2017-09-10
628170000558,13,51.88247829506494,2.842802849828075,3,0,2020-12-22
628170000046,12,79.82067522622188,2.3795075001902193,2,0,2019-04-02
628170000068,4,87.09096188906705,2.652694088633007,4,0,2022-04-13
628170000961,2,62.90924520097584,4.187308525303311,7,0,2020-01-26
628170000260,1,164.55929863965952,4.077671961641674,3,0,2022-08-22
628170000494,3,125.74798256300967,0.9070611318182499,2,0,2019-02-28
628170000022,8,210.24058940067735,1.443387266143049,4,0,2021-11-27
628170000983,6,140.97768684781028,1.5678718219739822,3,0,2019-01-17
628170000401,11,100.81129196095277,4.7093283010651685,3,0,2021-03-29
628180000027,611,10.171721301089704,491.19600662166727,98,1,2017-08-23
628170000413,4,147.40338142301147,2.532659646540969,5,0,2022-04-19
628170000804,13,126.99300973793673,2.2874556303677527,3,0,2018-12-10
628170000345,4,67.83055745694219,2.1218470201582567,5,0,2019-03-03
628170000635,11,299.223615042582,4.562773792055185,7,0,2021-10-03
628170000477,7,172.81302618734725,2.4750118069372307,3,0,2021-10-29
628170000002,13,69.70983985084024,0.21582907162704834,1,0,2018-01-09
628170000692,7,135.9732602298049,2.9993160953009954,1,0,2017-08-27
628170000669,5,258.09147159155964,4.977643829337419,3,0,2021-06-30
628170000778,13,148.42616318118942,3.101609994889614,6,0,2020-08-08
628170000812,9,238.83774393538218,1.9187448748443754,1,0,2017-11-06
628170000333,1,122.29068495842651,1.9029096813802142,4,0,2022-08-16
628170000034,12,165.92266313081134,1.2451892013611219,7,0,2019-06-06
628170000998,7,228.95591113492918,1.6753289361146217,2,0,2019-10-30
628170000159,1,171.2276646876622,2.1878085810628205,7,0,2021-03-11
628170000132,3,117.0355381431752,3.240048941982011,1,0,2017-07-08
628170000623,1,291.5970209271367,4.336361686661083,3,0,2017-07-29
628170000040,12,265.86622850882986,1.73170937398517,4,0,2020-08-09
628170000080,8,146.54807748201344,0.5294494591428089,4,0,2020-02-02
628170000195,12,251.73947226144347,2.032933764993173,5,0,2022-02-21
628170000352,11,102.54288703393544,2.9821911080471137,6,0,2017-11-08
628170000430,1,247.77150992259143,1.432553658030292,1,0,2018-01-04
628170000612,7,215.7291450212196,4.3689019630889545,2,0,2022-02-23
628170000695,9,108.74889625151187,2.6105825099743747,4,0,2019-06-09
628170000796,13,292.2766753912427,3.2962290781005046,5,0,2021-08-07
628170000526,8,45.61752267211702,4.5839413351945115,7,0,2021-04-18
628170000482,1,237.14083801140427,2.3652482489029754,5,0,2020-11-09
628170000460,8,50.77736443988647,3.0817836362126863,3,0,2018-01-28
628170000731,9,265.1616634114431,2.045373702062239,3,0,2021-12-31
628170000122,9,107.93024937486906,0.22647834405248624,3,0,2018-04-02
628170000626,3,234.7310629008361,4.886321609702231,4,0,2020-07-01
628180000020,718,18.553376651487955,308.93422427876675,288,1,2022-02-27
628170000343,3,286.08239287978233,3.0059172375152428,5,0,2022-05-31
628170000755,7,164.51284344234753,0.3505633690662936,3,0,2018-02-28
628170000201,5,70.47770538416893,1.6454937891652626,6,0,2022-06-15
628170000581,14,233.23349268056313,1.2753831525041293,1,0,2020-07-30
628170000685,7,187.13227851688768,2.229520208207688,5,0,2020-03-13
628170000690,7,33.13754577518717,3.074738935721895,5,0,2019-05-16
628180000038,228,16.109392233415555,233.65357557166539,270,1,2017-12-18
628170000167,7,111.37202602431836,3.6947104647508704,3,0,2019-04-14
628170000014,5,64.57237651859856,2.1981781131355125,1,0,2018-01-04
628170000442,2,78.75534318438005,1.8019822986683294,4,0,2021-07-04
628170000866,12,291.87625244896304,2.813186278254255,6,0,2020-07-14
628170000840,14,173.41577256027864,2.576730077761205,1,0,2021-08-08
628180000029,797,11.217740972251883,101.42859649909076,131,1,2017-08-21
628170000578,1,218.31729465070657,3.588868699620826,5,0,2017-10-19
628180000000,172,17.397321352936437,311.9647134100093,167,1,2019-11-24
628170000003,11,280.1786587936035,3.2456603521720035,6,0,2022-08-21
628170000899,8,139.1178868457789,3.638501853733939,4,0,2020-06-01
628170000490,2,143.76639061480896,0.3545872300159153,1,0,2018-01-27
628170000944,13,95.7402200756008,3.4698380079097477,3,0,2020-11-05
628170000434,12,97.4103623919802,0.4202941720654877,5,0,2022-07-08
628170000133,3,248.6661003807514,1.1585870942970382,3,0,2019-11-05
628170000491,2,229.1472214290007,3.9527631769817626,2,0,2022-05-11
628170000917,3,130.7779837399218,1.0957931463218278,1,0,2019-03-19
628170000390,6,107.94730892808897,2.9021741290132144,2,0,2020-05-15
628170000172,10,133.65062977076707,0.19404215643297779,5,0,2018-04-25
628170000125,12,159.90782750080072,2.792694725885583,5,0,2020-07-05
628170000546,9,269.96198156462384,4.037657323663523,4,0,2020-01-10
628170000553,2,140.28236752908865,0.9131789869493465,3,0,2017-11-14
628170000925,5,263.10008538439286,2.097162622011703,2,0,2020-05-09
628170000166,10,154.92354213079375,4.154935688277684,2,0,2018-09-13
628170000220,11,34.88974963162694,0.3041972129516829,1,0,2018-01-27
628170000305,3,89.93248372189635,2.868607765009179,3,0,2019-07-22
628170000296,13,130.7935153955333,4.10714811629903,4,0,2021-10-22
628170000919,5,49.76289941747979,1.994048483432837,6,0,2018-09-08
628170000865,2,211.82675699772767,0.8553107115745868,2,0,2019-08-19
628170000353,1,176.24123795843406,2.4567671604420065,2,0,2020-11-12
628170000873,1,256.2911282049897,1.0536567998538726,3,0,2018-09-12
628170000749,10,89.18777658667196,1.6159263175276324,3,0,2022-06-07
628170000765,5,38.276175595567636,2.1528441719186295,4,0,2019-04-27
628170000564,6,159.75837587819495,1.0183185260781529,2,0,2020-05-31
628170000158,3,209.60324958797403,2.682503173167093,5,0,2018-08-15
628170000568,12,213.06436119094715,3.5801897132542266,1,0,2021-09-24
628170000135,11,214.0057350004609,3.2859853527509517,2,0,2019-09-14
628170000819,5,170.33896611012477,0.7987113060013529,2,0,2019-03-02
628170000258,1,68.03139550254596,2.9538710252155083,3,0,2018-08-31
628170000193,3,266.72672192567234,2.432488833906956,6,0,2021-01-19
628170000372,13,66.95912011857797,2.256975089981904,2,0,2021-07-11
628170000328,9,78.98756747424528,3.8288547241376603,2,0,2019-12-19
628170000876,5,164.23718628227536,1.424213691440838,1,0,2020-01-28
628170000915,2,151.14727810808327,1.9391165488060493,2,0,2019-07-12
628170000740,5,152.12593681994105,4.964802511095445,2,0,2021-04-23
628170000288,6,171.58537271844662,0.9694009704015637,3,0,2020-11-25
628170000683,7,162.73052762018796,2.209094310572852,5,0,2021-11-17
628170000323,10,272.01067100070236,1.0213211996155391,7,0,2022-09-03
628170000506,6,242.31315389219904,0.23312036400524314,1,0,2020-12-07
628170000945,4,280.2993270950028,3.64126409272132,4,0,2018-05-24
628170000993,6,55.79453473536041,1.4769220446526967,7,0,2021-07-06
628170000523,14,80.33833077894872,3.2094538459964888,5,0,2017-08-21
628170000291,1,181.10288945321884,4.693201525835883,6,0,2018-07-11
628170000121,7,194.8674114592408,0.43404431598891846,4,0,2018-03-20
628170000782,12,273.1895032830398,4.522021205700624,1,0,2018-03-24
628170000099,14,171.61807518396876,4.049034460576344,4,0,2018-06-24
628180000041,484,16.841482912927866,371.5885737089259,52,1,2021-03-02
628170000984,2,256.76255177401447,0.47662416885320125,4,0,2021-03-09
628170000988,11,240.7418891158427,0.3461074561734715,6,0,2022-02-14
628170000645,3,103.78007228951651,0.6516439130184913,2,0,2022-09-06
628180000019,351,9.779134441454108,296.00836479467995,253,1,2019-04-13
628170000985,2,273.00624331746303,2.5530589135450477,3,0,2021-11-03
628170000863,10,220.26380593889462,1.767896810847078,3,0,2022-01-08
628170000712,12,53.723954769105006,4.860510185415148,6,0,2021-06-14
628170000145,12,227.33421830498395,1.2719825106580356,5,0,2017-08-15
628170000474,13,264.92669595325106,2.763337264978966,3,0,2022-07-19
628170000426,9,79.9858907864273,1.3823578503059395,6,0,2019-02-20
628170000197,10,258.54211876831994,3.946581064801579,2,0,2019-06-20
628170000019,6,123.33016649744306,0.610137281982415,2,0,2021-01-13
628180000030,284,5.1987655025586585,394.16043760667475,371,1,2019-02-21
628170000025,6,41.03452639194929,4.4815352858541795,6,0,2018-07-16
628170000929,7,122.13691345906221,4.784631003698472,3,0,2017-10-26
628170000662,2,263.37672745670204,4.4722822408842955,4,0,2021-11-06
628170000475,12,35.74274092960453,0.5004541941592134,1,0,2017-10-24
628180000010,286,18.08953703820253,493.81100237813064,106,1,2022-01-09
628170000713,9,124.6692714264788,1.723600334804949,2,0,2018-03-17
628170000318,9,254.15936343308772,4.020347746625882,4,0,2020-07-03
628170000244,1,44.78564248194846,3.1608514873858926,7,0,2021-08-12
628170000240,6,264.87201775677465,0.502641170634494,7,0,2018-05-01
628170000979,7,268.73574510407013,4.743671327225907,2,0,2017-07-07
628180000015,287,14.483248966309235,235.3391331878732,273,1,2018-07-01
628170000634,10,103.87919989604978,1.5318693292632992,7,0,2022-01-13
628170000622,12,292.84202167789715,2.355755528889439,6,0,2018-12-05
628170000548,5,262.7744566616717,4.838920414769935,1,0,2021-04-02
628170000764,2,49.49357042437748,0.6930225023774459,1,0,2021-07-01
628170000832,4,257.9260212216832,1.886509268167946,3,0,2020-11-20
628170000679,3,63.800163894688616,4.163505316652102,1,0,2018-09-02
628170000261,2,143.10987136622794,3.316745175924363,1,0,2019-08-30
628170000077,1,175.0187662910079,1.5853289441321103,1,0,2021-08-30
628170000332,2,250.70976166937905,4.794560052584963,4,0,2021-10-11
628170000833,3,247.53094129651436,1.1676735158494516,1,0,2019-07-17
628170000140,9,124.19443196660873,0.38500259797683145,4,0,2018-07-02
628170000891,10,43.01725049235013,1.0864293283299231,5,0,2018-05-09
628170000016,8,67.48333661534073,3.4929371414894117,7,0,2018-12-20
628170000520,6,92.28084916379484,1.5069759946144203,2,0,2020-01-07
628170000960,11,141.65825741184491,3.7155606409514976,7,0,2020-06-12
628170000547,12,288.0259045220334,2.5755131905255277,6,0,2021-10-12
628170000776,7,264.09850395306114,3.2168706274067573,1,0,2021-07-30
628170000476,10,266.1694516247338,2.345673143490417,7,0,2019-11-12
628170000098,8,51.663111328643396,4.353477781526506,1,0,2020-09-30
628170000699,14,40.697082844056425,3.2958988717728155,1,0,2019-08-21
628170000021,2,157.96964287097552,2.934095893331405,6,0,2018-05-30
628170000208,14,97.98574590487725,2.3612395766611978,1,0,2021-10-18
628170000334,14,100.04432702644897,1.7019649200565878,1,0,2019-09-06
628170000816,8,93.73362510354526,1.9353091463985947,5,0,2018-06-13
628170000628,5,35.973358912829255,2.1704872987285286,6,0,2018-03-30
628170000248,4,120.04477635660893,3.113563543390447,1,0,2020-02-18
628170000545,7,64.96902874635713,4.42384020519596,6,0,2019-06-20
628180000033,355,11.166404133206598,478.1489129265565,384,1,2022-05-09
628170000704,11,68.47379658340857,3.2071097537440236,4,0,2021-06-07
628170000965,12,171.79411359010624,3.867721632327441,5,0,2018-11-12
628170000277,4,232.489327007778,4.098140000946224,4,0,2020-07-21
628170000834,3,188.04567838712308,4.9413762341624,4,0,2019-05-16
628180000003,718,5.119466071181767,189.95112262970613,255,1,2017-09-17
628170000051,5,129.60668268383856,3.4810239650212624,1,0,2019-03-14
628170000846,7,115.36214834372264,0.8841221886696509,6,0,2020-11-22
628170000853,12,286.98918206427453,4.7840022618810645,7,0,2020-02-02
628170000435,1,162.14474018364794,2.4890988489995833,4,0,2018-06-23
628170000468,7,116.06317579165888,2.664615465734396,3,0,2019-03-10
628170000495,9,107.55452774660206,1.7180538178703382,5,0,2018-11-19
628170000701,9,58.33114817290721,3.043190226086944,3,0,2021-10-30
628170000102,9,60.25050358537413,0.4965044869511357,7,0,2020-10-17
628170000818,6,75.83463437363599,2.209593758464817,1,0,2019-01-27
628170000625,13,65.12328483527062,1.9639626899550076,6,0,2020-12-21
628170000204,12,224.40986486744006,1.347886048025651,1,0,2018-03-01
628170000785,12,189.9345887202078,0.7964719065879425,1,0,2018-11-18
628170000331,1,271.02136199078325,1.0921547448096633,5,0,2018-08-26
628170000107,2,99.63376330213376,4.880489984213583,5,0,2021-03-05
628180000013,462,17.139865974278933,442.1607896194402,97,1,2020-07-15
628170000029,1,53.94968411440502,1.8394818985764931,4,0,2018-02-02
628170000306,4,92.39019507877927,3.475537980045445,3,0,2021-08-22
628170000580,14,197.02507211809976,0.5931236447653133,1,0,2021-09-20
628170000947,1,282.29772723748886,0.7587321340997971,3,0,2021-01-22
628170000576,12,221.2580037130594,1.7425194321172766,7,0,2022-08-16
628170000239,11,278.62730830669057,0.20263030905147278,6,0,2022-04-11
628170000797,2,78.86377723156224,4.243461378650544,4,0,2020-04-04
628170000456,10,39.992061373183006,1.0706784005227268,4,0,2020-10-05
628170000196,2,59.87056897790595,2.3512891651893346,6,0,2018-05-26
628170000619,12,197.64718979721883,2.846159091804156,3,0,2019-04-11
628170000728,4,44.03224658589755,2.6120718571864407,5,0,2021-07-04
628170000378,14,77.35024522833139,3.0313039409123204,1,0,2018-07-26
628170000719,10,216.15554166706175,2.6312058793852975,4,0,2021-08-28
628170000036,1,40.614277757096716,4.412387529051145,5,0,2018-07-16
628170000310,1,245.97734305076114,0.8843510112774077,7,0,2021-02-19
628170000439,7,40.6452390694966,0.7823023184762163,3,0,2019-07-12
628170000463,11,225.6870283127656,0.8411094608011793,1,0,2019-09-28
628170000940,14,82.86005613455745,3.1703033043567306,3,0,2019-05-04
628170000453,7,258.028337604469,4.908355743436509,5,0,2018-11-25
628170000534,1,217.9255668745239,1.456831988151264,7,0,2022-05-07
628170000973,5,178.56116638219066,2.096960852058911,2,0,2020-02-04
628170000202,6,91.8978767128132,3.4718600598240568,2,0,2020-10-24
628170000199,14,137.26756845129916,4.781139963869249,1,0,2020-01-16
628180000028,238,11.927652219126655,280.52814075956826,222,1,2021-09-17
628170000604,3,235.47753367554756,3.5013378101981725,3,0,2019-12-30
628170000864,12,84.50043207319607,2.752897276003168,7,0,2019-04-05
628170000241,8,170.08627542403948,4.84251417074065,5,0,2018-08-31
628170000658,7,87.53827008677249,4.524185476440738,1,0,2018-11-14
628170000791,3,65.52327498436014,0.31432145431384206,6,0,2019-06-30
628170000150,14,185.1077405585762,3.4915905743012465,1,0,2021-01-04
628170000688,12,113.79772890936492,4.473364120778746,4,0,2021-09-14
628170000538,10,90.43075600210824,1.0027017122663282,2,0,2017-09-09
628170000528,13,268.62218894012494,0.8739786318932052,7,0,2018-10-21
628170000418,12,103.47918705208993,3.0901032324404425,6,0,2020-10-14
628170000646,7,286.73316180761077,3.5480612895578996,6,0,2018-09-30
628180000044,440,10.178449305049586,363.7739385742356,369,1,2018-01-05
628170000302,3,223.31250178879733,2.9927036832479876,2,0,2018-04-17
628170000841,1,282.8835369196396,4.823685294876741,3,0,2021-09-21
628170000680,4,215.10262755182228,4.40699661138311,2,0,2022-05-24
628170000362,9,34.96548266781602,1.4221215286282505,6,0,2020-01-06
628170000848,11,41.22467194360587,3.8054467083558667,3,0,2018-04-18
628170000942,3,204.81817282174282,0.19366886270584377,3,0,2019-07-26
628170000388,11,96.24425961395666,4.215031199614525,5,0,2022-01-14
628170000844,6,152.09373763652752,0.2516833755047833,2,0,2022-07-09
628170000376,4,192.1395523170864,0.5341421054301245,4,0,2021-01-27
628170000822,12,146.33963138868762,0.8568527613942866,5,0,2021-10-15
628170000462,9,121.76624021737786,0.6590693459508735,3,0,2022-08-13
628170000691,13,49.5606597045309,3.1934070101507452,3,0,2018-07-12
628170000745,11,46.29506267745222,2.1140032688011745,4,0,2022-02-06
628170000903,2,235.81698638968626,3.9734979919469366,5,0,2020-09-22
628170000565,13,189.95010185806976,4.305067560470103,4,0,2018-11-20
628170000893,14,139.86514939517508,0.2933517111654067,3,0,2021-06-06
628170000293,12,79.12059523372321,0.907592597074242,1,0,2018-12-10
628170000371,3,32.96887373778973,2.634618376563886,5,0,2021-04-09
628170000575,14,264.16943425914667,4.15842133694237,5,0,2019-01-10
628170000115,13,80.50181211053132,3.847568024424678,4,0,2022-05-22
628170000877,4,196.81875485432775,4.835445190745396,6,0,2020-10-23
628170000525,7,124.53381997501712,2.040255316046029,7,0,2020-05-20
628170000968,14,183.17429929980395,4.245015054420888,3,0,2018-03-17
628170000611,8,283.0516915538418,4.6976936103975655,7,0,2018-08-25
628170000157,11,249.93517446247316,3.157089597829029,4,0,2021-09-30
628170000065,10,131.86672403824812,4.642304742829047,1,0,2021-10-22
628170000668,9,238.14889805389404,2.9557534919090993,7,0,2018-04-30
628170000245,14,120.50325524439324,1.9715042342991902,2,0,2020-01-28
628170000972,7,247.6179884392927,0.48048173989086485,6,0,2020-05-28
628170000367,14,179.62806067926422,1.7377677616106981,4,0,2021-08-21
628170000182,14,197.41964410069866,4.801925557173064,5,0,2022-01-23
628170000175,13,198.54425889677788,0.7718375580720954,6,0,2018-12-24
628170000086,10,126.14611599241849,3.042912233467025,5,0,2022-02-18
628170000633,8,150.39373072172205,4.305874216315693,3,0,2021-01-22
628170000551,10,178.7314900644676,3.372807994137773,2,0,2020-11-08
628170000771,13,144.88320030098035,3.376005968942279,4,0,2020-06-24
628170000800,10,96.75239008885781,3.397536449732719,7,0,2017-10-16
628170000896,13,183.0943904664003,1.2159737069057273,5,0,2018-03-25
628170000161,5,266.84414601953927,4.444360654678287,5,0,2018-02-07
628170000174,12,274.7474699604277,3.825420133298462,6,0,2022-07-02
628170000838,9,102.8323951095872,2.4793895283310494,2,0,2021-10-01
628170000554,14,130.6258995933248,4.421446015692755,5,0,2020-07-18
628170000671,9,199.07948684048216,2.6550838763135887,1,0,2019-05-24
628170000593,5,167.01628811542577,0.7186972336660634,5,0,2018-03-12
628170000162,14,135.96017900411155,2.3039447792244805,2,0,2021-07-18
628170000663,13,157.76667480672043,1.0081178796907009,1,0,2018-03-10
628170000836,9,85.57712670992743,3.4725437553231617,3,0,2018-03-14
628170000282,1,39.86841031898562,3.799705450856764,2,0,2018-07-18
628170000871,11,77.8304431507942,1.5814329218223195,6,0,2018-09-15
628170000977,11,192.43519143950942,0.6438906840774428,6,0,2022-08-25
628170000004,8,162.8713991314753,3.074760776835026,5,0,2019-02-19
628170000151,8,257.29376972473347,0.40522981083730725,1,0,2020-07-18
628170000322,14,109.14988717047358,3.1183287062748777,1,0,2022-05-08
628170000907,10,62.45644495006428,4.397743846989126,5,0,2018-07-25
628170000009,3,118.76293477762722,2.5341576084099304,3,0,2019-02-02
628180000046,120,15.986207972190028,259.27486173528996,108,1,2020-06-02
628170000447,3,110.28423199058871,2.844824098963026,5,0,2022-04-01
628170000801,4,265.1024733435781,1.449367753851551,7,0,2022-02-12
628170000281,11,81.48568457918998,1.335980998849472,4,0,2019-02-18
628180000004,394,18.868415830652076,125.11898186787566,388,1,2017-07-19
628170000792,7,223.27274046416392,0.7027161461063537,7,0,2020-07-29
628170000407,12,238.14629501137193,4.032952217998981,3,0,2019-02-27
628180000039,102,17.94458598480444,448.52889390879795,372,1,2022-05-25
628170000066,5,35.41922339998612,2.745789938374742,6,0,2021-04-11
628170000289,6,149.00594167332162,2.770631902594998,7,0,2021-10-13
628170000024,14,81.9180350783411,0.5197254230225097,2,0,2022-05-20
628170000911,11,128.94461441527744,4.906838152997157,1,0,2017-08-02
628170000141,12,280.97286894691297,4.974844954131859,7,0,2020-12-04
628170000826,5,75.10131513325646,1.7689604162483294,5,0,2021-09-25
628170000602,10,240.55825669080878,1.4684528334266114,4,0,2022-01-09
628170000609,13,281.64758848770475,1.589337366079547,5,0,2019-11-09
628170000488,7,237.4338217434199,4.051377724440914,2,0,2017-12-02
628180000032,313,11.887838505988427,397.84402458751407,94,1,2021-06-16
628170000601,4,175.796052523281,4.201501513690406,4,0,2019-12-22
628170000136,5,235.26152217021536,0.8449217803303758,6,0,2020-12-21
628170000410,12,226.6109641749729,0.7540518648381246,2,0,2018-08-09
628180000048,554,6.822430866316481,141.54641381124105,181,1,2019-10-22
628170000882,14,216.1722227785215,2.2758143710907945,4,0,2022-05-18
628170000369,2,254.03028700094444,3.5676365802304875,1,0,2021-10-12
628170000952,8,106.91568352971916,1.1324543229492956,4,0,2020-09-27
628170000471,2,196.28306080922223,3.6417900857215706,5,0,2019-07-17
628170000455,11,253.80717802068287,3.3054555472229654,2,0,2022-03-22
628170000459,1,62.55305915986528,4.862826115194531,7,0,2020-08-14
628170000811,14,117.80131734066762,2.9527738583111582,2,0,2018-03-28
628170000096,4,76.8108707295838,1.9650541380352426,2,0,2019-08-09
628170000825,13,220.82984855907037,3.2208213555282423,1,0,2022-03-12
628170000885,6,207.89907696281745,2.068716123206189,4,0,2021-08-19
628170000209,14,123.33791824605825,3.2222872363605743,4,0,2017-12-19
628170000425,12,150.42155869864806,1.4827166659966808,2,0,2018-03-31
628170000384,3,74.89650956414144,3.2172690870703406,6,0,2018-03-16
628170000283,6,157.4580751796998,2.3566435366432863,1,0,2020-09-01
628170000517,5,205.4045952279395,4.825935604113977,5,0,2022-03-03
628180000040,220,12.978336185112713,149.8552073529678,388,1,2022-04-11
628170000571,5,267.23009631589264,4.126020798781311,5,0,2022-05-07
628180000016,779,10.602802653495313,389.11758383558885,185,1,2018-08-26
628170000251,7,278.36101643144536,2.698480452920876,3,0,2021-06-14
628170000185,7,242.9212470306233,2.7850014959710956,6,0,2020-10-22
628170000082,2,106.6194945656556,2.813630979490644,4,0,2018-06-29
628170000736,10,51.63100852386229,2.586318499717264,3,0,2021-12-17
628170000723,12,58.233316890288066,0.2799346762540236,6,0,2018-07-13
628170000617,4,187.1860242475938,4.545255650458566,1,0,2021-09-24
628170000227,7,71.18554158685056,3.7137909613491344,2,0,2019-01-31
628170000104,8,291.7570169843496,0.9502701234338925,7,0,2019-12-08
628170000807,1,135.5920148959754,4.30205545454029,4,0,2019-06-22
628170000830,12,209.22722245788736,3.4178911347015464,1,0,2020-11-01
628170000918,1,91.36279936105089,3.8328111377507166,5,0,2019-11-28
628170000557,8,163.88644847126812,0.16177684788121932,7,0,2020-07-26
628180000014,222,16.79536599592222,355.54032186711885,243,1,2019-02-25
628170000589,4,230.7472291987341,4.223093010115323,2,0,2017-07-22
628170000163,3,250.48184865732583,1.053650307921749,1,0,2021-07-13
628170000906,5,250.81523836725583,1.4512610844316494,1,0,2020-10-08
628170000608,5,200.807911146166,0.26262783735588846,1,0,2018-07-18
628170000986,2,125.42377241173389,3.993126168004669,7,0,2017-11-11
628170000213,12,138.22988252618276,3.108274565324303,3,0,2021-06-19
628170000861,10,38.09286926562305,2.00846128502186,3,0,2020-05-14
628170000243,4,137.73073004493517,3.869193424406855,1,0,2018-11-15
628180000011,544,17.421752435095144,236.63112213536195,281,1,2020-10-21
628170000292,9,71.91486640129239,0.3115513054053572,1,0,2020-07-13
628170000118,13,167.05480224480286,2.053448836084334,6,0,2021-11-07
628170000027,12,105.21939153862883,1.684520654366052,4,0,2022-05-22
628180000042,713,9.45180023029776,446.70355472334063,231,1,2017-11-21
628170000146,2,283.3519233416802,0.7970219065672612,5,0,2022-08-30
628170000614,1,111.26016307564039,3.963391981941164,6,0,2022-02-27
628170000859,12,210.05334953744818,1.5131866453118543,4,0,2021-06-05
628170000921,6,210.4174556098544,2.5123948520057917,6,0,2018-02-09
628170000062,2,173.80666194285627,2.05664798746561,1,0,2018-02-05
628170000855,12,264.33793952040594,4.453177994312538,4,0,2017-12-26
628170000114,12,237.76309196182297,3.0706393949797897,1,0,2022-01-10
628170000148,7,47.953992189029925,1.5860482230812183,7,0,2018-09-06
628170000541,5,186.623276116209,0.8453109877891372,5,0,2018-03-22
628170000666,8,264.5282553480149,3.9934335656309328,2,0,2020-02-09
628170000648,10,146.73039628150252,0.57301890395766,1,0,2018-09-02
628170000232,14,282.27909398763404,3.340715994245031,2,0,2022-02-10
628170000887,3,205.83290380120286,4.413542334529742,3,0,2018-08-20
628170000910,11,117.63817407307297,2.3671104648204286,1,0,2021-07-16
628170000492,7,94.46982935744163,1.0866825324662746,1,0,2019-06-27
628170000341,9,147.75416286653552,3.638147597193412,2,0,2018-01-13
628170000772,1,123.40244798767999,3.425482787695568,1,0,2021-10-25
628170000406,1,120.24585052057942,1.011896947446759,1,0,2020-06-11
628170000971,1,160.55732461437967,2.4893762673693334,3,0,2018-10-23
628170000505,10,286.48951966656085,3.8828611339189534,2,0,2021-07-06
628170000415,1,251.15762577203392,3.6745903203967445,6,0,2021-03-15
628170000632,1,214.4897516837564,1.4721829147973984,1,0,2020-12-26
628180000018,725,8.47675385434025,197.3984743310596,55,1,2022-07-05
628170000138,7,157.32557090854277,3.9257317717353555,4,0,2019-12-07
628170000041,12,278.6355481435896,3.380486080471132,7,0,2022-06-11
628170000231,9,228.83994361867516,3.8958023027877915,5,0,2020-01-11
628170000106,13,250.60945915630558,1.7958886600351494,5,0,2017-10-31
628170000320,2,210.38298687407448,2.819916251581203,6,0,2021-05-11
628170000739,10,250.6703978898733,3.5410679535551552,3,0,2021-03-24
628170000932,5,186.64653969137973,4.284413638081569,5,0,2019-08-17
628170000616,11,48.184662396568356,1.375405602073415,5,0,2018-06-13
628170000847,9,166.95339834586596,0.21442527200811098,2,0,2017-07-29
628170000591,14,250.8510965121468,4.897614196274257,7,0,2020-03-01
628170000139,10,141.1970468197625,2.353022076469669,1,0,2017-08-04
628170000264,6,186.75885457507172,4.647609837597644,5,0,2021-09-19
628170000734,5,121.65155198655764,0.6578081280353469,6,0,2021-05-20
628180000035,672,10.772054258316548,325.1014709974911,270,1,2019-03-15
628170000000,7,262.8382013616212,1.1620250204448008,1,0,2021-02-07
628170000366,2,103.99490958554563,0.3868995532954981,3,0,2019-02-09
628180000002,489,17.087667989267494,145.3524486980491,248,1,2021-04-03
628170000416,1,245.8422873216244,3.851013205056438,4,0,2020-09-13
628170000982,2,194.96486698976776,2.6606253367500514,7,0,2020-06-25
628170000696,14,217.6451092541665,0.6107015337609036,7,0,2019-12-21
628170000478,9,283.54827859848194,0.9122952468000513,2,0,2018-12-02
628170000732,7,222.8034716757555,0.5267545572992803,6,0,2017-10-30
628170000179,4,120.42451595741325,1.2818871422377534,4,0,2018-06-05
628170000655,2,140.52018170506162,1.5696036463842251,5,0,2017-12-22
628170000142,7,254.26724010268686,0.3831247488821965,1,0,2022-03-11
628170000466,13,175.66264894134105,4.268018683421575,7,0,2019-02-17
628170000935,3,236.51848061637463,4.476142005457533,4,0,2018-09-24
628170000170,11,92.69742768964068,2.139154591080832,4,0,2019-01-08
628170000700,4,159.7368757596138,4.757602157672397,1,0,2020-09-02
628170000784,13,104.74350525346392,2.716440615484043,2,0,2022-08-22
628170000856,5,152.77976102114195,3.054420094749362,3,0,2020-05-05
628170000497,14,93.07409278347569,2.644990711569293,4,0,2021-03-18
628170000706,1,196.90204826589215,1.3465187461250505,2,0,2020-10-31
628170000285,5,47.741332645655135,3.669604318091905,5,0,2021-08-28
628170000758,8,91.68278015945066,3.0585977194520004,3,0,2017-07-09
628170000001,4,286.37056838756337,0.5690013220487925,1,0,2022-07-26
628170000271,2,141.9485134062964,1.2793942879792746,5,0,2018-05-30
628170000472,9,92.89905818348112,0.4315749733100078,6,0,2021-03-18
628170000787,7,86.87879103152997,2.167967874625431,6,0,2020-04-12
628170000496,10,110.00319252311732,3.808082377874312,4,0,2018-05-23
628170000640,14,217.29420096100193,3.6606878611445843,7,0,2017-07-15
628170000110,10,280.93151706444814,0.7493708964350573,5,0,2019-10-17
628170000473,8,36.58821102026526,3.568391976425867,3,0,2021-12-24
628180000049,720,14.519588847310708,107.32388720015268,109,1,2018-02-11
628170000638,13,74.17843172175068,0.18823212244222706,3,0,2021-06-18
628170000278,7,86.67451013580816,4.3207129821808365,7,0,2022-06-18
628170000108,5,76.13964859531777,3.240763178992127,3,0,2021-06-01
628170000327,10,37.16369504593132,0.1256251063602724,2,0,2017-10-21
628170000057,2,271.7058461755438,1.8031004687710124,5,0,2021-06-21
628170000272,5,53.044410381233845,0.6953567438744985,2,0,2017-07-01
628170000480,13,299.4422098440011,4.264879320255243,1,0,2018-03-23
628170000336,5,189.3796344789981,1.5974606559020532,6,0,2021-08-23
628170000499,6,34.82596237802173,4.401367382945,2,0,2020-11-13
628170000730,7,221.44634025174744,4.6655932252208006,5,0,2022-01-01
628170000556,9,225.32343069591792,0.8949436883341488,3,0,2022-04-01
628170000661,5,129.5021128054155,3.0067856935261834,3,0,2020-02-07
628170000958,6,223.36068204026225,1.5436350420963467,7,0,2021-04-23
628170000620,2,42.35034912937847,0.6438483991460573,6,0,2018-05-02
628170000888,5,58.7801181831575,3.1546891949812568,2,0,2017-07-12
628170000486,12,265.89282083031145,0.40513821882123957,5,0,2021-03-30
628170000595,10,107.50029595722646,1.6930096756153252,4,0,2021-07-28
628170000286,4,239.39245650765287,3.904592487848651,4,0,2022-03-20
628170000126,8,173.79914678892817,4.832528589650778,2,0,2022-02-14
628170000643,3,213.73481156017255,1.479453872233157,1,0,2021-08-26
628170000307,7,211.41104077165667,4.379282287717958,5,0,2021-04-22
628170000254,1,229.12533698963207,4.0136995391074155,5,0,2022-08-13
628170000348,8,271.52910126140466,3.1359877535532195,6,0,2020-01-23
628170000176,3,61.562470991258294,2.7230196441176995,1,0,2018-08-24
628170000075,3,164.57939371084547,3.572849018940585,3,0,2019-12-06
628170000386,1,52.355640339784145,0.6798473355245979,4,0,2022-06-19
628170000610,4,57.6776265574834,3.300497673603287,5,0,2017-12-18
628170000543,5,266.91443291020266,3.1149603228420304,3,0,2017-11-11
628170000205,12,203.10986087903026,4.220270739187021,3,0,2020-02-20
628170000005,13,99.72598484071875,2.778817322298943,5,0,2021-06-20
628170000184,7,271.3509974237586,0.6377073735197671,1,0,2020-05-14
628170000631,1,238.01000280810416,4.598575105775838,5,0,2021-10-01
628170000675,9,196.49558492059927,0.6631716855918774,7,0,2020-10-26
628170000770,8,230.5307607239949,4.714455986932733,3,0,2020-09-07
628170000939,9,34.92279732261764,2.601119196120738,5,0,2021-10-26
628170000809,13,99.69602682930443,2.211827580515152,2,0,2022-08-13
628180000005,468,11.64959764275763,159.6782671359538,196,1,2022-06-24
628170000411,13,163.78265537567358,0.4949474174099109,2,0,2019-04-19
628170000900,1,118.29895362207445,2.713594480950277,2,0,2021-02-28
628170000052,3,154.88437335594995,1.0845750744293767,7,0,2021-07-07
628180000031,304,9.43914333287985,355.5039762850282,382,1,2021-03-04
628170000934,10,194.13437505423005,4.250147385614596,1,0,2021-07-04
628170000421,14,54.727159798191224,3.319080265708984,7,0,2020-07-20
628180000017,519,9.072481312728017,141.6502119977082,71,1,2017-12-26
628170000686,14,102.62821919747637,3.892010313077767,6,0,2020-06-14
628170000821,10,253.79850878830456,1.7947995576155016,2,0,2020-09-21
628170000071,7,270.44236579977166,3.8008250604343594,4,0,2022-02-20
628170000550,10,206.91533477253586,4.922140563278839,4,0,2017-10-19
628170000131,8,297.2892627452852,0.6177569528825452,4,0,2017-11-14
628170000309,9,58.10931713583494,3.8294955315114745,4,0,2018-02-17
628170000747,12,73.07706363056084,3.598759957887597,2,0,2020-03-18
628170000269,3,289.4889857167529,3.1034039542231753,5,0,2018-10-11
628170000187,11,114.16495830479802,4.237349705424118,2,0,2019-07-02
628170000588,7,120.48209064996831,1.8266372383873068,1,0,2018-10-24
628170000389,3,135.1098157913337,1.980781464471916,1,0,2020-06-26
628170000228,6,185.59785724503956,1.8309319016601147,4,0,2019-09-22
628170000487,3,295.7025366838097,2.611262978974626,3,0,2020-12-24
628170000223,4,182.5859595690864,0.45321324639349947,4,0,2020-03-20
628170000344,3,236.17356442313542,2.018475921071364,2,0,2018-05-19
628170000186,13,70.95221752784282,2.3264489393438086,6,0,2020-01-08
628170000673,10,38.782068462638016,4.173730220489978,7,0,2019-12-21
628170000017,8,203.03618109686795,4.9571543691407225,6,0,2021-09-19
628170000850,10,296.39013319888863,1.5172993826660073,7,0,2022-06-20
628170000226,3,220.95443126461763,4.786856851667452,4,0,2021-06-25
628170000326,12,86.12928888942739,2.8157099192468817,6,0,2021-08-19
628170000443,9,183.34521224920996,4.509183393867635,2,0,2019-02-26
628170000849,12,70.05266425976399,2.3467627435212646,7,0,2018-09-02
628170000037,11,245.8408077054415,3.2892991083312517,3,0,2021-01-13
628170000427,5,176.3132557921567,1.3101961154527992,5,0,2022-03-29
628170000446,10,218.3034721566468,4.820632727646397,6,0,2021-10-08
628170000200,9,245.26974876047947,3.955826592650946,4,0,2017-11-25
628170000081,4,64.44668175480221,4.6910933328522075,4,0,2020-08-15
628170000217,1,188.28205464453526,3.7134254667352797,4,0,2019-10-28
628180000006,793,13.300702817986213,170.4203594877684,320,1,2018-07-02
628170000392,6,224.14239439974628,1.003933640354833,7,0,2019-10-28
628170000031,10,154.41026736883595,2.643392975450525,7,0,2020-06-24
628170000524,3,240.4878078630234,4.009779382117881,4,0,2019-09-21
628170000502,6,133.76819473311406,1.2701014357695426,1,0,2021-04-24
628170000270,14,70.1389364933405,4.721071604949067,1,0,2017-12-22
628170000672,4,65.43611697424464,0.4118404555045475,7,0,2022-07-29
628170000398,3,227.79446624676757,1.438046968866781,6,0,2019-02-08
628170000989,3,104.19762959799675,0.4572189933027272,3,0,2018-11-07
628170000529,2,280.49311646270746,3.5099056790271326,2,0,2020-02-28
628170000088,6,193.55920122635953,4.605020668750645,1,0,2020-08-11
628170000225,9,279.0748329178698,0.15933152865094852,1,0,2020-08-08
628170000786,6,276.3381033165066,0.15736239258142992,3,0,2022-05-20
628170000762,11,83.87646175086918,2.335558893882156,4,0,2021-07-02
628170000105,5,263.68692399137467,3.505260335622063,7,0,2022-04-04
628170000769,3,226.33564883690318,1.838379329996323,5,0,2020-09-13
628180000023,191,10.233351125627355,363.4822720478255,384,1,2017-08-04
628170000246,1,246.77043112146308,1.1078675847582202,7,0,2020-03-25
628170000064,9,102.69567235633286,4.963169160576038,2,0,2021-02-22
628170000144,8,63.560250341097074,4.920026733790727,2,0,2018-12-20
628170000820,6,120.9908576364473,4.461475472400661,6,0,2019-07-20
628170000445,6,39.16541421816569,3.3525694622603868,3,0,2020-05-03
628170000799,14,162.9150212409694,2.206662279211726,7,0,2018-07-09
628170000870,4,264.3984086819264,2.258162616530878,3,0,2019-01-08
628170000237,12,256.50248334040225,3.8454260448865063,2,0,2021-06-21
628170000127,8,43.992354942055265,2.219239603817647,1,0,2022-04-17
628170000423,6,66.94103034811958,0.4378942801464638,3,0,2018-02-18
628170000265,7,200.7113577382732,1.2006164980348746,6,0,2019-06-05
628170000485,14,199.42647506895992,2.772616160093837,4,0,2019-01-14
628170000716,14,137.16928457443095,3.0928223482712647,2,0,2020-01-25
628170000452,6,262.7515157671146,3.6810227284055763,4,0,2019-12-04
628170000189,4,230.86549899462278,2.4923815714067135,4,0,2019-06-26
628180000047,341,18.22493723499069,443.3768069706617,111,1,2022-02-11
628170000301,4,72.1612012888714,2.756962306910057,1,0,2021-07-03
628170000010,7,201.01823066551594,4.940149049052947,1,0,2021-09-03
628170000905,11,147.6074949994919,3.991632246492087,1,0,2021-01-19
628170000030,12,62.57168519716222,0.44017682945585757,5,0,2022-08-17
628170000641,2,89.6077954529653,1.5932803673920535,6,0,2017-09-14
628180000007,648,8.823233733723235,201.05322486757683,188,1,2018-09-12
628170000375,1,191.30153758598323,2.226694894251989,4,0,2022-04-21
628180000026,761,18.26564820534457,247.59300436287282,362,1,2022-08-27
628170000975,14,200.95087141038604,0.42344823628718375,3,0,2019-05-30
628170000337,5,102.3771830221766,4.395588732958183,1,0,2021-02-02
628170000751,12,120.96186377819885,4.779796506276446,5,0,2020-01-01
628170000515,12,92.55135937352972,1.9640580367870557,3,0,2021-10-11
628170000085,6,184.1101422606062,2.291292448473695,3,0,2019-12-08
628170000100,7,140.8071432872086,3.971149137904601,3,0,2019-05-23
628170000035,9,216.40660372992863,2.746058381562102,4,0,2018-03-10
628170000783,3,143.86465025583294,0.42557483734329693,6,0,2020-08-23
628170000636,12,145.0689516037127,3.7944133276242415,2,0,2020-10-13
628170000419,14,189.36228005465352,0.7632350031606591,1,0,2020-05-26
628170000048,4,130.02746775367314,2.855254397801758,3,0,2018-08-14
628170000845,3,282.1462547325343,2.0011351237396604,6,0,2021-12-21
628170000038,11,199.5331051625451,2.7114931541015435,7,0,2021-12-20
628170000999,10,262.95521093667173,2.434541233084579,1,0,2017-11-04
628170000059,9,173.67064102163522,3.9977048078696735,2,0,2021-08-15
628170000567,3,123.90848613359212,2.7498893994291675,2,0,2020-10-04
628170000980,6,91.58153842621176,0.45435072876389915,2,0,2019-02-12
628170000191,7,183.87021491525547,1.6909120417612942,5,0,2018-04-20
628170000109,8,210.53366937959638,4.1301547618083685,5,0,2022-08-12
628170000359,14,171.93634922172518,3.0570895663226287,6,0,2022-01-17
628170000928,5,36.923357767737635,2.910291862132309,2,0,2021-03-28
628170000235,3,60.57427237700392,0.5821386835956469,6,0,2020-04-15
628170000774,4,296.6653822087356,3.0089378769218387,1,0,2018-05-06
628170000583,5,267.83510498371066,1.8049129167526168,1,0,2019-04-23
628170000637,13,151.87449656901236,4.04404320652305,2,0,2018-12-10
628170000083,14,128.03222002763147,1.5970691222243156,2,0,2018-12-22
628180000022,434,17.43306914379438,475.30138494020395,341,1,2018-08-23
628170000563,5,163.68956229377306,3.6843328026677757,5,0,2018-09-17
628170000727,5,282.77730648579626,2.9030383525095744,3,0,2019-05-16
628170000357,8,255.43116393581076,2.8512744810016666,5,0,2021-10-29
628170000049,9,160.82120600157575,4.792363894076363,1,0,2019-10-18
628170000744,11,52.040095148259184,2.166958074840274,4,0,2018-02-21
628170000569,10,182.7476302788636,1.6403155546003674,1,0,2021-07-02
628170000363,3,276.86067777133474,4.142742109882304,5,0,2018-01-30
628170000070,12,62.33577559119783,0.5367097173684815,5,0,2017-09-23
628170000097,14,272.1266646491348,4.402074170180841,5,0,2019-09-02
628170000522,4,89.53127644894735,2.9302074928176722,3,0,2022-05-03
628170000493,6,59.82801054547656,1.3672420909513903,2,0,2017-09-23
628170000349,1,245.9609191057751,1.8419157511626514,6,0,2021-08-21
628170000814,1,291.8516821712071,3.557370726954741,2,0,2017-09-03
628170000267,1,209.15509044451187,2.2171767264265605,4,0,2022-01-25
628170000752,1,79.1718372359488,4.12387158449611,7,0,2019-04-24
628170000308,4,35.32184519367832,3.217827634498316,5,0,2019-03-19
628170000742,7,172.12871845275058,1.4461844750456458,4,0,2017-09-02
628170000379,5,276.89122539973914,3.7047492597720306,4,0,2021-03-28
628170000851,8,290.5820480377323,4.510407596780755,3,0,2020-01-25
628170000927,3,159.37910696002737,3.846186193808117,6,0,2022-09-11
628180000001,608,11.693018314663155,103.28676762916935,282,1,2020-01-05
628170000606,1,290.00784104192854,1.5960223158139835,4,0,2021-04-06
628170000795,13,94.13669772944696,3.6729500889922955,1,0,2020-09-24
628170000969,11,99.27195159936822,3.1066601597635466,5,0,2021-11-29
628170000630,3,161.93366140925974,3.725530191757959,6,0,2018-11-03
628170000222,9,281.6719362705753,3.6099846015071435,7,0,2022-02-06
628170000750,10,293.48361907116544,4.1365728826843435,1,0,2022-08-22
628170000464,6,47.64621201571444,1.204052956761052,1,0,2021-07-26
628170000233,5,279.9034984848296,1.0074582825505929,3,0,2020-11-30
628170000211,10,275.28165156007964,4.486076929462028,4,0,2018-05-09
628170000178,1,199.48117432928282,0.15939179575507706,5,0,2019-03-07
628170000072,12,190.26996245959313,0.7257960698126507,3,0,2020-01-05
628170000817,1,49.84412177910342,0.9176149883238889,2,0,2022-08-26
628170000255,5,152.0988440402479,1.5348279798347275,7,0,2019-09-21
628170000087,4,296.35911717410454,2.6268291957128396,3,0,2020-01-26
628170000214,9,154.74156698391585,0.4265949987473808,1,0,2021-07-29
628170000180,13,67.60345961911456,4.881781399059264,3,0,2020-07-16
628170000828,5,39.901285272056604,2.107181584986637,2,0,2021-02-16
628170000978,3,251.18099204523335,4.060352529045189,7,0,2019-05-11
628170000044,14,247.67434554412657,2.8331387451131222,2,0,2018-09-08
628170000518,7,194.08893461729195,1.0984556497256766,3,0,2019-05-13
628170000746,2,96.71787318273954,4.5472939125271195,7,0,2020-09-01
628170000143,9,290.5572658799584,3.505672621406911,5,0,2020-06-08
628170000438,5,284.8960217153856,4.541543521387614,7,0,2021-06-25
628170000627,11,36.63846744387641,0.6425309072989468,7,0,2018-06-05
628170000951,12,99.32967328453715,1.46592337483131,2,0,2018-06-12
628170000639,12,244.59857816248092,4.817770749662727,2,0,2019-04-07
628180000037,306,11.44412888198545,352.9608977095392,283,1,2021-04-01
628170000793,14,275.4387805797231,2.8373477426070846,7,0,2019-04-10
628170000028,5,77.79283075472165,1.2106163709122415,6,0,2018-03-02
628170000007,7,294.6087953270788,2.015439379937022,3,0,2017-10-17
628170000659,4,38.406202378818065,4.276092984516789,7,0,2022-07-23
628170000149,7,230.10257530831595,0.5951244739521688,2,0,2022-06-27
628170000586,10,252.97052265248593,3.2906231659202034,6,0,2018-12-15
628170000537,12,90.59895439589837,1.089876775172201,7,0,2020-07-18
628170000437,13,296.6703621590947,0.4070006969312372,2,0,2018-04-22
628170000741,3,203.76597770306174,0.74429668750011,1,0,2017-10-20
628170000012,11,50.48309858933926,3.5062083148332097,6,0,2022-07-11
628170000093,2,73.38397078008003,4.65991655175519,1,0,2021-11-29
628170000089,13,94.0512337687185,2.5351210662385686,6,0,2020-10-13
628170000183,5,174.0344948336068,2.490484815239176,1,0,2018-06-08
628170000970,9,289.99025631414656,0.5341630984514274,2,0,2022-02-08
628170000642,13,52.24288231627753,4.16403385780835,1,0,2017-10-09
628170000881,13,281.356147786884,0.782063836593908,3,0,2022-05-17
628170000974,5,41.721383870801176,2.0948217967155753,1,0,2019-03-21
628170000531,10,76.95171728926157,1.6521322176308808,5,0,2021-12-14
628170000117,13,144.8678384264325,2.5625737746708683,1,0,2021-05-25
628170000295,6,285.45117477608085,3.6573015589279483,2,0,2017-07-28
628170000839,1,45.41345114411501,0.2349299273603809,2,0,2020-01-23
628170000874,9,285.04583925798624,0.382473152775222,2,0,2021-10-08
628170000042,14,46.49104916081321,4.971282869983721,7,0,2017-08-27
628180000008,748,16.13796249260632,387.2257037605216,230,1,2021-08-30
628170000374,4,265.9503209418791,1.7081444926856268,7,0,2018-04-23
628170000111,9,180.32598111376103,4.3238709631358505,1,0,2017-11-11
628170000883,3,212.65861415985657,3.168548174963213,2,0,2021-03-16
628170000403,2,43.88496964074759,2.2053183824207823,3,0,2018-03-06
628170000433,3,259.2828259226362,3.9058817290803884,4,0,2020-04-16
628170000653,10,104.03810463414091,3.0319516730590186,3,0,2019-01-01
628170000429,13,227.7007193305815,1.32277637926258,4,0,2019-12-19
628170000092,12,96.40858666381719,1.1217015203509457,5,0,2020-07-03
628170000720,5,246.15840875945239,0.12697841588606204,3,0,2022-02-02
628170000753,13,243.21859692846937,0.10766901543821723,6,0,2019-10-12
628170000725,4,220.7484461514633,1.760417181759883,1,0,2020-10-04
628170000405,14,191.14756920756008,4.225474477279862,2,0,2019-08-10
628180000009,667,6.149537097128732,307.3604917327703,79,1,2021-09-04
628170000895,11,241.24408069573383,2.7608204613925498,3,0,2021-04-09
628170000192,11,235.86384514998645,3.7130496792002186,2,0,2020-11-30
628170000259,11,77.6244863566803,3.7655585792047077,1,0,2022-02-12
628170000063,10,95.46703598137701,0.8468384653190455,7,0,2021-10-02
628170000930,5,132.6528170721814,1.0823251260891738,4,0,2017-11-23
628170000914,1,134.91068734299336,2.9847844584434675,1,0,2020-12-16
628170000510,5,285.07764601868075,2.7396388099683,5,0,2019-12-10
628180000034,234,15.82893841273519,399.42018619295817,69,1,2018-06-09
628170000424,3,286.5640855316167,0.37956813364114617,4,0,2022-05-08
628170000342,3,109.50575507631777,4.442359324278865,7,0,2020-05-24
628170000644,2,206.7180278559065,4.376493813874027,3,0,2019-06-02
628170000276,7,48.110648894875425,1.5009432672718848,7,0,2017-07-01
628170000074,8,243.07623442398133,3.9319376295848913,1,0,2017-11-30
628170000470,3,269.2139920237705,4.314684497412231,4,0,2018-09-02
628170000721,5,84.04056594609872,0.13755375998120412,5,0,2018-11-20
628170000693,9,159.58348537362335,3.5429054881190303,7,0,2020-08-23
628170000566,7,252.66386079979029,4.113411217922115,3,0,2018-11-03
628170000154,12,84.43937641289102,4.088454320579492,6,0,2021-08-14
628170000188,13,97.09206774990575,0.5806046458427985,5,0,2018-06-10
628170000287,2,152.38798538196744,3.315193004637251,2,0,2022-04-27
628170000714,7,38.96483937366897,2.4620011847492047,1,0,2018-02-06
628170000013,8,64.7975249158753,2.0811619637110317,7,0,2019-06-23
628170000976,2,286.8789023957974,1.809220616450449,2,0,2020-05-14
628170000467,10,243.49525450652015,2.8499916625843724,1,0,2018-12-10
628170000169,7,165.73450532496938,0.15405319570037135,6,0,2020-10-18
628170000112,12,184.33542615687296,4.621510233515632,4,0,2021-08-31
628170000757,13,224.18448013351124,0.39167103170408124,7,0,2019-10-19
628170000561,13,50.555332062381055,4.462264459787231,4,0,2022-01-20
628170000779,4,225.81956831208686,4.381123107985091,5,0,2020-05-31
628170000660,10,205.95004285148897,3.3722429478093923,1,0,2018-10-24
628170000562,7,259.8258667931675,0.48909226475084466,2,0,2020-01-16
628170000314,8,56.84917604502319,3.6596624040537242,3,0,2022-08-15
628170000190,13,39.053757378660436,0.8352384570005229,7,0,2022-05-07
628170000964,6,78.98835387781928,3.7917968190591487,6,0,2019-11-19
628170000948,1,124.93812555470129,1.5670383830212382,1,0,2021-07-02
628170000875,1,214.47696763820437,1.7779950962900957,1,0,2021-05-26
628170000967,14,58.856769235580835,3.853968070698373,2,0,2021-10-17
628170000650,13,143.32637557005302,0.16077977775884247,4,0,2018-06-10
628170000210,11,79.03138353638494,3.3308342188083357,6,0,2017-08-14
628170000047,7,86.52431730091178,0.39469747874384753,7,0,2022-01-25
628170000908,9,177.01205644942937,4.7258062597444495,4,0,2017-07-21
628170000664,11,291.41222553697486,0.4869488947350602,1,0,2022-01-13
628170000860,4,67.70583878420447,4.8095638784972055,4,0,2020-06-28
628170000073,13,213.35762616901218,4.147731388237389,1,0,2022-08-31
628170000449,14,292.1857261946493,0.3560636085015165,1,0,2019-11-20
628170000682,1,84.14167620909092,2.6354871235997024,1,0,2017-08-17
628170000018,3,79.1076227877691,0.7291320183252137,2,0,2021-08-23
628170000382,8,170.10778042636613,3.2485694777224388,3,0,2019-01-02
628170000540,10,190.09378240725985,3.3060335063923136,5,0,2018-04-13
628170000963,1,213.90182057054537,0.7999664077741091,1,0,2020-03-28
628170000067,2,116.96137470745813,4.225963142444464,5,0,2020-04-29
628170000536,3,250.2749437474668,0.7894864874389163,4,0,2018-12-24
628170000338,11,198.5202051192662,4.982038254373512,2,0,2019-07-26
628170000137,10,190.82245996411797,0.40061317284227405,3,0,2018-03-31
628170000124,1,71.67793312403462,4.819264046786952,4,0,2020-02-11
628170000852,6,31.333794852290595,0.6690809049825756,5,0,2019-02-20
628170000708,12,181.1051445414668,2.415217439531917,3,0,2022-05-15
628170000207,4,176.53559970385098,4.518633761463575,6,0,2018-07-16
628170000514,12,297.6155290569837,4.128305486941104,5,0,2021-03-14
628170000354,8,201.03911935305976,3.247395076935615,6,0,2018-10-22
628170000441,3,279.81704570222973,2.1143684527434625,2,0,2017-07-15
628170000234,1,151.72663027911568,0.9531357431370133,7,0,2018-11-28
628170000912,1,136.96662673449896,2.4686964362684187,4,0,2018-01-07
628170000959,3,103.60848019805411,0.1701448605685939,4,0,2020-10-04
628170000694,3,192.005547992212,1.263423995036551,1,0,2021-09-22
628170000355,4,99.62967506696462,0.41778261296654495,2,0,2019-03-13
628170000432,5,216.91467241982016,2.303725228007646,2,0,2020-09-03
628170000113,12,105.59435528827673,2.4866034022127863,3,0,2017-12-01
628170000461,1,217.99796948709772,1.8125812232254122,2,0,2021-05-12
628170000414,3,96.52854897455884,2.24056844281438,2,0,2020-11-14
628170000165,5,131.77499594472505,2.129235787391743,4,0,2018-03-29
628170000597,6,294.9202680674043,0.4412416259957882,3,0,2017-11-20
628170000890,2,299.84170595807996,3.141236351140462,2,0,2021-12-21
628170000500,10,296.68504522872854,4.409951089262493,3,0,2022-07-18
628170000303,10,207.90946431574088,2.590966679889772,3,0,2020-06-27
628170000507,6,54.14097062431007,0.4195024971764111,1,0,2018-03-04
628170000498,13,41.365161201817706,1.1039182433384918,7,0,2021-01-05
628170000926,6,170.15208198677888,4.154842718320885,3,0,2019-08-27
628170000458,10,92.10238606767982,2.3732691847728478,6,0,2017-09-17
628170000802,12,150.23241885071968,1.6009361440132424,6,0,2022-02-06
628170000880,13,38.20450611814595,2.9442912448691105,4,0,2019-03-15
628170000966,5,221.44249066505682,3.3268485267832695,3,0,2022-05-29
628170000252,2,123.51341847880954,0.30556099481501775,5,0,2021-12-15
628170000399,6,88.03390221950433,2.6385859545701957,4,0,2018-12-07
628170000654,14,295.6739649491536,1.5564652577722244,5,0,2019-08-11
628170000350,8,144.80764620669305,3.991566923257713,6,0,2020-01-24
628170000938,14,287.9913979078324,2.2967633713101687,4,0,2021-12-31
628170000858,10,161.98857666936846,4.921664499731275,6,0,2021-03-15
628170000364,9,61.792792380338106,2.541452843090923,4,0,2020-10-25
628170000450,8,284.95195206062715,2.152087263463391,5,0,2020-07-23
628170000457,2,190.99286719015433,2.870118247400889,1,0,2019-03-09
628170000572,6,245.3050258338706,2.3503994661487484,4,0,2020-04-27
628170000957,6,194.79012149394796,4.159499567300673,7,0,2017-09-05
628170000090,2,57.48126760750901,4.961574272634232,4,0,2021-08-28
628170000798,12,260.68397520978635,3.4932148506792045,6,0,2018-01-07
628170000298,4,203.87987667453424,2.5786781954639624,2,0,2021-04-20
628170000651,10,202.4020058693031,2.396963030776079,7,0,2019-08-07
628170000275,6,190.7539546764118,3.26447298201051,5,0,2018-12-03
628170000026,2,75.61246702948443,1.0401498911218403,2,0,2020-03-16
628170000931,5,137.68215084216314,0.635394630517145,3,0,2020-08-14
628170000549,1,248.5693401757171,2.1470287984479888,3,0,2018-03-24
628170000767,5,154.9081983196154,0.44793755621295184,5,0,2021-12-21
628170000941,1,32.04197624409837,4.6392747729774255,1,0,2018-10-28
628170000181,4,244.38680110297992,4.02753184822665,3,0,2021-09-10
628170000330,12,143.78462865997443,3.754095535383038,2,0,2021-02-11
628170000263,12,127.84635276149093,1.7575107793730425,1,0,2020-09-30
628170000257,8,152.15866935582721,3.0492197892179784,7,0,2018-07-11
628170000913,13,217.77614580626278,4.331382860321271,3,0,2019-04-14
628170000229,8,193.8130625233711,1.5530243483095107,3,0,2021-01-12
628170000076,14,53.4684777836044,0.2771858645713344,3,0,2018-12-31
628170000103,14,137.42101174235023,2.0746028759492914,2,0,2020-07-02
628170000454,2,116.15712777567902,1.3569973059768143,5,0,2021-09-09
628170000766,13,99.5743798980277,3.780772434261249,6,0,2017-09-11
628170000743,13,227.52917087393962,2.0334227704284675,7,0,2018-05-04
628170000503,1,213.50476632712886,2.311072786486842,1,0,2018-01-15
628170000698,1,240.55976700120445,2.4895686362441958,7,0,2020-08-27
628170000365,13,185.65944838884846,0.4775855677582227,5,0,2022-05-17
628170000055,9,98.1579749728856,2.3068175876651074,1,0,2022-07-22
628170000216,14,71.40487884134166,0.8358281040035042,2,0,2019-01-23
628170000901,6,210.2502141021679,4.362848882273656,6,0,2019-08-30
628170000687,5,245.3409571720408,3.049424811974145,6,0,2021-12-25
628170000689,1,152.9094402520863,2.27256207045802,4,0,2022-07-06
628170000813,12,65.33588839395446,3.045263417321142,1,0,2022-07-30
628170000119,1,95.45062775207167,0.8172325615950207,1,0,2021-08-19
628170000827,6,75.25718839784577,0.4513882553534899,2,0,2022-08-20
628170000516,12,284.53757901648396,3.900498069534105,3,0,2020-09-17
628170000590,1,73.40517193304322,2.4093071202510066,7,0,2022-02-17
628170000674,5,278.6289189102355,3.034994690068332,2,0,2020-11-11
628170000607,8,122.30548483044524,1.141957444218371,7,0,2017-12-26
628170000404,5,164.01888674433383,4.376378227374549,5,0,2018-01-13
628170000892,8,293.8370297397557,2.0361749419951614,7,0,2019-07-05
628170000069,12,118.42428508803695,3.155569871213523,1,0,2017-09-27
628170000533,3,234.72438844010466,4.540101948352255,4,0,2019-09-07
628170000574,13,259.65706685544535,2.52164099152647,5,0,2021-06-27
628170000676,8,245.0650685635676,0.5599006956344454,5,0,2019-08-27
628170000768,6,264.43357646026277,0.4928820690013269,3,0,2019-07-18
628170000391,7,126.03163344553627,2.9800698682247715,3,0,2020-10-19
628170000539,7,174.98309418122167,4.480549579038565,4,0,2018-01-25
628170000160,3,126.88423071334567,0.7404808460269775,5,0,2018-11-05
628170000203,12,225.0081934661279,2.2442553078714207,3,0,2020-08-27
628170000953,7,112.96829053009738,4.791495293286672,5,0,2019-04-26
628170000868,5,211.6025719207841,3.8333188817638635,2,0,2020-05-02
628170000339,7,140.54114609163491,1.9047166994835572,6,0,2022-01-13
628170000837,2,60.21829723738652,0.7887095411339679,3,0,2019-11-18
628170000886,2,136.3433895266228,4.969857105608521,1,0,2019-07-02
628170000987,14,93.95505092311015,3.5647237386068213,5,0,2020-08-03
628170000479,4,245.67147365888965,4.733920920301383,6,0,2021-04-29
628170000387,12,192.85106955592482,2.1085339595118127,3,0,2021-11-22
628170000996,12,188.384285057378,2.0850032031850754,3,0,2022-03-27
628170000436,4,89.7265492912926,0.26470664089808493,4,0,2019-05-29
628170000585,10,37.89676641933097,3.769249051120202,6,0,2020-07-27
628170000789,10,200.52125942498054,2.481402419608255,3,0,2019-02-14
628170000902,1,248.11840432413982,0.7401964847349684,1,0,2021-11-27
628170000867,12,55.35319326314297,2.75435358080902,5,0,2019-12-03
628170000922,12,197.26239342259592,2.9286672432423435,6,0,2019-10-30
628170000780,4,161.40061418466976,3.64746797178386,6,0,2020-10-28
628170000621,3,265.3149376611416,2.290572164651485,1,0,2018-05-21
628170000377,1,209.55990212748898,1.1809985682849353,6,0,2020-03-05
628170000916,9,94.13691533606841,1.5003394220767643,4,0,2022-04-15
628170000155,8,74.18710457374021,3.1145752473319535,6,0,2022-07-25
628170000684,8,47.33641301028621,1.6530382801764847,1,0,2020-02-11
628170000128,11,120.88315511235855,1.627899052117772,5,0,2021-07-30
628170000060,12,58.93644306173954,4.643171315449318,6,0,2019-12-11
628170000221,14,265.47345541492086,0.5154808786244358,4,0,2021-04-21
628170000962,12,78.91032437436368,3.728333046572244,1,0,2021-03-03
628170000677,3,160.01103490838852,4.557171415239303,6,0,2017-11-21
628170000194,6,122.36207215329502,1.94185259721427,5,0,2018-07-19
628170000238,8,63.658923924882046,1.39872749879252,5,0,2018-02-01
628170000504,4,88.92854972356733,4.926449315090288,5,0,2021-04-15
628170000805,9,190.0967298874304,4.012063668539928,6,0,2018-05-20
628170000061,14,150.80133904233276,1.2497462010917226,6,0,2020-05-04
628170000383,7,42.68081102926486,2.164115461140953,2,0,2018-02-02
628170000368,2,205.88350485500334,3.9459951878461914,1,0,2021-08-24
628170000735,10,250.0027807115583,1.7915933997282913,3,0,2020-02-06
628170000317,12,261.0380463886971,2.0673221477203128,7,0,2021-10-18
628170000657,9,92.08774359059328,0.3358998962939319,1,0,2017-12-30
628170000790,10,227.94051605212587,2.928279444999299,2,0,2018-03-27
628180000025,162,16.917284504727363,469.90725548373877,165,1,2020-01-31
628170000370,6,85.73374337536286,3.964213326894792,3,0,2021-07-30
628170000395,6,158.53360859375692,0.2283638718071175,6,0,2019-11-17
628170000177,7,283.7546733756383,1.154489172884464,4,0,2021-12-22
628170000513,5,75.09916544486032,3.318222513149041,4,0,2021-09-20
628170000729,5,176.150010531289,1.5380952337197962,1,0,2021-10-13
628170000592,14,254.6762280485903,3.207296477649111,6,0,2018-10-10
628170000335,12,132.51695020516206,0.829551446628979,3,0,2018-05-01
628170000206,12,217.36608000611702,0.28828910991539247,7,0,2020-09-10
628170000394,14,182.92925288016224,1.7391053148354678,6,0,2017-10-19
628170000299,12,140.35822619648604,4.21944483725488,1,0,2020-04-09
628170000649,8,284.77629844525165,1.285279758468311,4,0,2018-02-17
628170000715,12,51.216194231855596,1.0608787924181255,6,0,2022-03-11
628170000733,13,246.4665824288438,3.1236259289772264,5,0,2021-11-24
628170000605,10,176.1419762425498,2.6120082904107598,7,0,2022-04-11
628170000385,1,229.26907643512,3.9496929285931373,1,0,2022-04-21
628170000954,10,246.8169924148191,0.14343009705599763,7,0,2021-12-02
628170000236,10,295.90712371983034,3.3354833265365573,1,0,2021-09-01
628170000039,10,52.07493862619542,1.6892353902653408,2,0,2019-02-15
628170000824,13,196.6291463830881,3.264529692803773,6,0,2021-10-25
628170000058,4,168.15290937122987,3.358067449987369,2,0,2021-01-17
628170000615,12,221.20646393422604,3.358426027032377,6,0,2022-03-23
628170000519,4,168.4258979744573,2.664315192854233,4,0,2017-12-20
628170000527,4,291.65771013801907,2.7118414495060863,7,0,2020-02-28
628170000053,7,231.81715329611427,2.7255556539180983,1,0,2020-04-26
628170000266,5,33.53550327885008,1.9236184168038155,3,0,2020-09-21
628170000268,1,78.06971105483288,2.253084449502816,3,0,2021-09-23
628170000444,10,277.1818403487713,0.20693464419989857,7,0,2018-12-28
628170000681,2,146.18259162285494,2.9016845250367793,3,0,2018-12-30
628170000843,6,62.96967678270724,0.2910804616170668,4,0,2018-11-30
628170000937,5,223.8932305811535,4.4289773386316975,7,0,2019-12-31
628170000573,9,207.7819953577749,1.853211500094665,7,0,2018-01-31
628170000469,10,198.99067163799245,0.6623674721591656,4,0,2017-11-11
628170000756,14,179.94815875316044,1.3622753796352374,2,0,2018-04-11
628180000036,187,12.340646734560053,435.7890060623784,172,1,2020-08-23
628170000489,12,142.79703118518012,2.3502754002250947,4,0,2021-07-02
628170000803,8,169.00068556101635,3.9660272836118877,7,0,2022-08-16
628170000857,8,169.21092771639758,4.1508660627332885,1,0,2019-05-17
628170000898,7,267.1992015513639,4.556327593592486,6,0,2020-09-18
628170000990,2,252.10586599869316,2.074079084899922,2,0,2018-05-27
628170000726,11,38.52825910292335,4.032669829941083,1,0,2021-10-09
628170000400,8,38.41944646654686,1.5637553105849882,4,0,2021-05-07
628170000924,5,132.54216064839204,4.905622783558804,2,0,2020-08-12
628170000219,9,195.0926435673549,3.4331161181209318,6,0,2019-12-11
628170000894,2,265.10343159106,2.430175583685451,6,0,2021-08-14
628170000582,4,72.82337842912989,0.7956627498288701,5,0,2021-01-28
628170000570,3,102.09763294574375,2.408722704770792,7,0,2019-12-16
628170000043,14,104.75696499974501,3.3430120302619555,6,0,2020-07-03
628170000484,14,159.56641748205539,3.2897699890396757,5,0,2020-10-02
628170000806,7,74.15144559795615,4.129869630974564,5,0,2020-10-25
628170000313,2,94.30935088261616,1.308726436155953,3,0,2017-09-16
628170000249,12,137.5055472695547,3.8957055251251616,6,0,2020-02-02
628170000718,3,183.2360290306207,1.1142636343482915,7,0,2021-12-12
628170000316,11,225.01207160102797,0.585972687977358,1,0,2019-05-19
628170000670,13,235.4764775546097,4.292910859803943,6,0,2017-07-21
628170000347,6,161.6064235273687,0.11576949166096555,5,0,2019-01-17
628170000904,1,245.4096851918313,0.7116219884375566,4,0,2020-10-20
628170000560,1,214.4798661880909,3.6248327496088772,5,0,2022-09-07
628170000897,5,229.38128649785816,4.823741351111018,3,0,2020-11-27
628170000095,14,106.97569554733872,4.105503571606839,7,0,2019-10-05
628170000618,8,123.38842537729832,3.386588328338587,3,0,2021-03-13
628170000842,5,40.6227559804976,1.9826128936304213,2,0,2017-12-26
